Workbook

Sheet 说明
A1: 待入库拍照手记 → 录入底稿
A2: 来源：/private/tmp/待入库拍照图 共 17 张照片（IMG_3087 ~ IMG_3103）
A4: 用途 | B4: 这份表是「手写记账本 → 系统录入」的中间底稿。字段名和取值都按 ry-vue 库的 wms_item / wms_item_sku / wms_item_brand / wms_item_category 结构来对齐，确认后可直接生成入库单。
A6: 先看哪一列 | B6: ① 先看【存疑/需确认】列（黄底）——这些是我认不准或原稿本身有涂改的；② 再看【系统比对结果】列。
A8: 系统比对结果 | B8: 已存在（可直接入库）= 绿底，分类+SKU+品牌 都能在库里找到； 需新建SKU / 需新建分类 = 橙底； SKU已存在但该品牌下没有 = 需要给这个品牌建一条商品。
A11: 数量列 | B11: 凡是原稿写成多笔相加的（如「5+12个」「24+81=105」），【数量】列写的是 Excel 公式，改任一加数会自动重算；【数量原文】保留手写原样。
A13: 单价列 | B13: 只有 IMG_3087 / IMG_3088 / IMG_3089 三页记了单价。原稿里有些写成「94-61」这种两个数，我没有猜，原样放在【单价原文】里，【单价(元)】留空等你确认。IMG_3090 以后各页原稿都没有单价。
A15: 品牌简写 | B15: 原稿用「山 / 东 / 气 / YYC / 三正」等简写，对照关系见【品牌对照】页。其中「山」的归属有风险，务必先确认。
A17: 确认列 | B17: 最右边黄色【确认】列留给你打勾（填 OK / 改 / 删）。
A19: 示例行 | B19: 序号 20 | IMG_3087 | 4 | TN 32X20S 10个 ✓ 53 | TN双杆气缸（亚德客型） | TN双杆气缸 | （空） | TN32-20 | 10个 | 10 | 个 | 53 | 53.00 | 已存在（可直接入库） | （空） | OK
A22: 数据统计
A23: 明细总行数 | B23: =COUNTA(待入库明细!A2:A109) -> 108
A24: 数量合计（件） | B24: =SUM(待入库明细!J2:J109) -> 7170
A25: 有存疑标注的行数 | B25: =COUNTIF(待入库明细!O2:O109,"*") -> 37
A26: 可直接入库的行数 | B26: =COUNTIF(待入库明细!N2:N109,"已存在*") -> 0
A27: 需新建SKU的行数 | B27: =COUNTIF(待入库明细!N2:N109,"需新建SKU") -> 98
A28: 需新建分类的行数 | B28: =COUNTIF(待入库明细!N2:N109,"需新建分类") -> 10
A29: 需给该品牌建商品 | B29: =COUNTIF(待入库明细!N2:N109,"SKU已存在，但该品牌下没有*") -> 0

Sheet 待入库明细
A1: 序号 | B1: 照片 | C1: 页内行 | D1: 原始手写记录 | E1: 建议分类 | F1: 建议商品名称 | G1: 品牌 | H1: 建议SKU/规格 | I1: 数量原文 | J1: 数量 | K1: 单位 | L1: 单价原文 | M1: 单价(元) | N1: 系统比对结果 | O1: 存疑/需确认 | P1: 确认
A2: 9 | B2: IMG_3087 | C2: 9 | D2: 自动排水器 XFC400 43个 | E2: 气源处理类 | F2: 自动排水器 | H2: XFC400 | I2: 43个 | J2: 43 | K2: 个 | N2: 需新建SKU
A3: 30 | B3: IMG_3088 | C3: 11 | D3: MHY2-20D 1个 | E3: 手指气缸 | F3: MHY2 气动手指 | H3: MHY2-20D | I3: 1个 | J3: 1 | K3: 个 | N3: 需新建分类 | O3: 型号首字被涂改，疑为 MHY2-20D；单价两个数
A4: 31 | B4: IMG_3088 | C4: 12 | D4: HFZ-16D 1个 | E4: 手指气缸 | F4: HFZ 气动手指 | H4: HFZ-16D | I4: 1个 | J4: 1 | K4: 个 | N4: 需新建分类 | O4: 单价两个数
A5: 34 | B5: IMG_3088 | C5: 15 | D5: 2分牙 50表面 10kg 1MPa 109个 | E5: 油压表 | F5: 压力表 | H5: 2分牙50面板 10kg/1MPa | I5: 109个 | J5: 109 | K5: 个 | N5: 需新建SKU | O5: 是压力表/气压表，分类待定
A6: 35 | B6: IMG_3088 | C6: 16 | D6: Q22XD-2L 220V 全铜 118个 | E6: 电磁水阀 | F6: 先导阀 | H6: Q22XD-2L 220V 全铜 | I6: 118个 | J6: 118 | K6: 个 | N6: 需新建SKU
A7: 36 | B7: IMG_3088 | C7: 17 | D7: Q23XD-2L 220V 全铜 1个 | E7: 电磁水阀 | F7: 先导阀 | H7: Q23XD-2L 220V 全铜 | I7: 1个 | J7: 1 | K7: 个 | N7: 需新建SKU | O7: 该行仅写「23」和「1个」，含义不明，需现场核对
A8: 37 | B8: IMG_3088 | C8: 18 | D8: FDF-8 220V 8个 | E8: 气动电磁阀 | F8: FDF 制冷电磁阀 | H8: FDF-8 220V | I8: 8个 | J8: 8 | K8: 个 | N8: 需新建分类
A9: 38 | B9: IMG_3088 | C9: 19 | D9: FB2E-V 220V 3分牙 24个 | E9: 气动电磁阀 | F9: FB2E-V 常闭电磁阀 | H9: FB2E-V 220V 3分牙 | I9: 2+14+6+4 | J9: =2+14+6+4 -> 26 | K9: 个 | N9: 需新建分类 | O9: 数量为多笔相加，字迹潦草，请复核
A10: 39 | B10: IMG_3088 | C10: 20 | D10: FB2E-V 220V 2分牙 24个 | E10: 气动电磁阀 | F10: FB2E-V 常闭电磁阀 | H10: FB2E-V 220V 2分牙 | I10: 24个 | J10: 24 | K10: 个 | N10: 需新建分类 | O10: 数量有涂改
A11: 40 | B11: IMG_3089 | C11: 1 | D11: HR30 23个 | E11: 配件 | F11: HR30 缓冲器 | H11: HR30 | I11: 22+1 | J11: =22+1 -> 23 | K11: 个 | N11: 需新建SKU
A12: 42 | B12: IMG_3089 | C12: 3 | D12: US-25 220V 29个 | E12: 气动电磁阀 | F12: US 蒸汽电磁阀 | H12: US-25 220V | I12: 29个 | J12: 29 | K12: 个 | N12: 需新建SKU
A13: 43 | B13: IMG_3089 | C13: 4 | D13: US-20 220V 13个 | E13: 气动电磁阀 | F13: US 蒸汽电磁阀 | H13: US-20 220V | I13: 13个 | J13: 13 | K13: 个 | N13: 需新建SKU
A14: 44 | B14: IMG_3089 | C14: 5 | D14: US-20K 220V 常开 9个 | E14: 气动电磁阀 | F14: US 蒸汽电磁阀 | H14: US-20K 220V 常开 | I14: 9个 | J14: 9 | K14: 个 | N14: 需新建SKU | O14: 无单价
A15: 45 | B15: IMG_3089 | C15: 6 | D15: DQK 1442 1个 | E15: 气动电磁阀 | F15: DQK 电磁阀 | H15: DQK1442 | I15: 1个 | J15: 1 | K15: 个 | N15: 需新建SKU
A16: 46 | B16: IMG_3089 | C16: 7 | D16: DQK 2422 7个 | E16: 气动电磁阀 | F16: DQK 电磁阀 | H16: DQK2422 | I16: 7个 | J16: 7 | K16: 个 | N16: 需新建SKU | O16: 无单价
A17: 47 | B17: IMG_3089 | C17: 8 | D17: DQK 1422 220V 10个 67 | E17: 气动电磁阀 | F17: DQK 电磁阀 | H17: DQK1422 220V | I17: 10个 | J17: 10 | K17: 个 | N17: 需新建SKU
A18: 48 | B18: IMG_3089 | C18: 9 | D18: JYC牌 SFC2000-1/4 三联体 9个 | E18: 气动电磁阀 | F18: 三联体 | G18: JYC | H18: SFC2000-1/4 | I18: 9个 | J18: 9 | K18: 个 | N18: 需新建SKU | O18: 型号中间字迹涂改，疑为 SFC
A19: 49 | B19: IMG_3089 | C19: 10 | D19: 百灵 二联件 2010-02 28个 | E19: 调压过滤器（二联件） | F19: 调压过滤器 | G19: 百灵（BLCH） | H19: 2010-02 | I19: 28个 | J19: 28 | K19: 个 | N19: 需新建SKU
A20: 50 | B20: IMG_3089 | C20: 11 | D20: 百灵 AFR2000-02 295个 49 | E20: 调压过滤器（二联件） | F20: 调压过滤器 | G20: 百灵（BLCH） | H20: AFR2000-02 | I20: 295个 | J20: 295 | K20: 个 | N20: 需新建SKU
A21: 51 | B21: IMG_3089 | C21: 12 | D21: DQK 1322 24V 1个 67 | E21: 气动电磁阀 | F21: DQK 电磁阀 | H21: DQK1322 24V | I21: 1个 | J21: 1 | K21: 个 | N21: 需新建SKU
A22: 62 | B22: IMG_3090 | C22: 10 | D22: 抽油泵 3-PHASE 1/4HP 1 | E22: 抽油泵 | F22: 抽油泵 | H22: 3-PHASE 1/4HP | I22: 1 | J22: 1 | K22: 台 | N22: 需新建分类
A23: 70 | B23: IMG_3091 | C23: 1 | D23: 卓良 MSV-86522R 机械阀 1 | E23: 手动阀 | F23: 气动手动阀 | G23: 卓良(zholo) | H23: MSV-86522R | I23: 1 | J23: 1 | K23: 个 | N23: 需新建SKU | O23: 整页无单价
A24: 71 | B24: IMG_3091 | C24: 2 | D24: 盛达 SD250612 机械阀 13 | E24: 手动阀 | F24: 气动手动阀 | G24: 盛达(SDPC) | H24: SD250612 | I24: 13 | J24: 13 | K24: 个 | N24: 需新建SKU
A25: 72 | B25: IMG_3091 | C25: 3 | D25: 盛达 S230805A 推拉手动阀 9 | E25: 手动阀 | F25: 气动手动阀 | G25: 盛达(SDPC) | H25: S230805A | I25: 9 | J25: 9 | K25: 个 | N25: 需新建SKU
A26: 73 | B26: IMG_3091 | C26: 4 | D26: 盛达 JM-02 机械阀 4 | E26: 手动阀 | F26: 气动手动阀 | G26: 盛达(SDPC) | H26: JM-02 | I26: 4 | J26: 4 | K26: 个 | N26: 需新建SKU
A27: 74 | B27: IMG_3091 | C27: 5 | D27: 盛达 MOV-02 机械阀 30 | E27: 手动阀 | F27: 气动手动阀 | G27: 盛达(SDPC) | H27: MOV-02 | I27: 30 | J27: 30 | K27: 个 | N27: 需新建SKU
A28: 75 | B28: IMG_3091 | C28: 6 | D28: 盛达 JM-01 机械阀 12 | E28: 手动阀 | F28: 气动手动阀 | G28: 盛达(SDPC) | H28: JM-01 | I28: 12 | J28: 12 | K28: 个 | N28: 需新建SKU | O28: 数量前有涂改
A29: 76 | B29: IMG_3091 | C29: 7 | D29: 盛达 S230805 16 | E29: 手动阀 | F29: 气动手动阀 | G29: 盛达(SDPC) | H29: S230805 | I29: 16 | J29: 16 | K29: 个 | N29: 需新建SKU
A30: 77 | B30: IMG_3091 | C30: 8 | D30: 盛达S0230605A 2+2+15 | E30: 手动阀 | F30: 气动手动阀 | H30: S0230605A | I30: 2+2+15 | J30: =2+2+15 -> 19 | K30: 个 | N30: 需新建SKU | O30: 数量末位字迹潦草，请复核
A31: 78 | B31: IMG_3091 | C31: 9 | D31: 照庆 Q25 R5-L6 推拉阀 1+1 | E31: 手动阀 | F31: 气动手动阀 | G31: 照庆 | H31: Q25 RS-L6 | I31: 1+1 | J31: =1+1 -> 2 | K31: 个 | N31: 需新建SKU | O31: 品牌两字辨认为「熙庆」，库中无此品牌，请确认
A32: 79 | B32: IMG_3091 | C32: 10 | D32: 无(品牌) 3R210-08 推拉阀 34 | E32: 手动阀 | F32: 气动手动阀 | G32: 无 | H32: 3R210-08 | I32: 34 | J32: 34 | K32: 个 | N32: 需新建SKU | O32: 型号前有涂改
A33: 80 | B33: IMG_3091 | C33: 11 | D33: 无(品牌) 4R210-08 22 推拉阀 | E33: 手动阀 | F33: 气动手动阀 | G33: 无 | H33: 4R210-08 | I33: 22 | J33: 22 | K33: 个 | N33: 需新建SKU
A34: 81 | B34: IMG_3091 | C34: 12 | D34: QTYH-08 0.5-30MPa 1 | E34: 调压阀 | F34: QTYH 调压阀 | H34: QTYH-08 0.5-30MPa | I34: 1 | J34: 1 | K34: 个 | N34: 需新建SKU
A35: 82 | B35: IMG_3091 | C35: 13 | D35: AF2000 30 | E35: 气源处理类 | F35: AF 过滤器 | H35: AF2000 | I35: 30 | J35: 30 | K35: 个 | N35: 需新建SKU
A36: 83 | B36: IMG_3091 | C36: 14 | D36: AL2000 3 | E36: 气源处理类 | F36: AL 油雾器 | H36: AL2000 | I36: 3 | J36: 3 | K36: 个 | N36: 需新建SKU
A37: 84 | B37: IMG_3091 | C37: 15 | D37: 针闭式油杯 B型 50cm² M14X1.5 2 | E37: 润滑器 | F37: 斜阀式油杯 | H37: B型 50cm² M14X1.5 | I37: 2 | J37: 2 | K37: 个 | N37: 需新建SKU
A38: 85 | B38: IMG_3091 | C38: 16 | D38: 针闭式油杯 B型 25cm² M14X1.5 20 | E38: 润滑器? | F38: 斜阀式油杯 | H38: B型 25cm² M14X1.5 | I38: 20 | J38: 20 | K38: 个 | N38: 需新建SKU
A39: 86 | B39: IMG_3091 | C39: 17 | D39: AC3660-2 缓冲器 2 | E39: 配件? | F39: 缓冲器 | H39: AC3660-2 | I39: 2 | J39: 2 | K39: 个 | N39: 需新建SKU
A40: 87 | B40: IMG_3091 | C40: 18 | D40: HR-60 1 | E40: 配件? | F40: 缓冲器 | H40: HR-60 | I40: 1 | J40: 1 | K40: 个 | N40: 需新建SKU
A41: 88 | B41: IMG_3091 | C41: 19 | D41: HR-15 1 | E41: 配件? | F41: 缓冲器 | H41: HR-15 | I41: 1 | J41: 1 | K41: 个 | N41: 需新建SKU
A42: 89 | B42: IMG_3092 | C42: 1 | D42: AC4225 5 | E42: 气源处理类? | F42: AC 三联件 | H42: AC4225 | I42: 5 | J42: 5 | K42: 个 | N42: 需新建SKU | O42: 整页无单价
A43: 90 | B43: IMG_3092 | C43: 2 | D43: AC2050-2 3 | E43: 气源处理类? | F43: AC 三联件 | H43: AC2050-2 | I43: 3 | J43: 3 | K43: 个 | N43: 需新建SKU
A44: 91 | B44: IMG_3092 | C44: 3 | D44: AC2525-02 3 | E44: 气源处理类? | F44: AC 三联件 | H44: AC2525-02 | I44: 3 | J44: 3 | K44: 个 | N44: 需新建SKU | O44: 末尾有涂改
A45: 92 | B45: IMG_3092 | C45: 4 | D45: AC2540-2 2 | E45: 气源处理类? | F45: AC 三联件 | H45: AC2540-2 | I45: 2 | J45: 2 | K45: 个 | N45: 需新建SKU
A46: 93 | B46: IMG_3092 | C46: 5 | D46: 压力开关110 6 | E46: 配件 | F46: 压力开关 | H46: 110 | I46: 6 | J46: 6 | K46: 个 | N46: 需新建分类 | O46: 品名三字辨认不确定，疑为「助推器」
A47: 94 | B47: IMG_3092 | C47: 6 | D47: NAR2000 39 | E47: 气源处理类? | F47: NAR 调压过滤器 | H47: NAR2000 | I47: 39 | J47: 39 | K47: 个 | N47: 需新建SKU
A48: 95 | B48: IMG_3092 | C48: 7 | D48: 4A320-10 15 | E48: 气动电磁阀? | F48: 4A 气控阀 | H48: 4A320-10 | I48: 15 | J48: 15 | K48: 个 | N48: 需新建SKU | O48: 数量前有涂改
A49: 96 | B49: IMG_3092 | C49: 8 | D49: 4A230C-08 45 | E49: 气动电磁阀? | F49: 4A 气控阀 | H49: 4A230C-08 | I49: 45 | J49: 45 | K49: 个 | N49: 需新建SKU
A50: 97 | B50: IMG_3092 | C50: 9 | D50: 4A210-08 8+15+1 | E50: 气动电磁阀? | F50: 4A 气控阀 | H50: 4A210-08 | I50: 8+15+1 | J50: =8+15+1 -> 24 | K50: 个 | N50: 需新建SKU
A51: 98 | B51: IMG_3092 | C51: 10 | D51: 4A110-06 45 | E51: 气动电磁阀? | F51: 4A 气控阀 | H51: 4A110-06 | I51: 45 | J51: 45 | K51: 个 | N51: 需新建SKU
A52: 99 | B52: IMG_3092 | C52: 11 | D52: 4A410-15 4 | E52: 气动电磁阀? | F52: 4A 气控阀 | H52: 4A410-15 | I52: 4 | J52: 4 | K52: 个 | N52: 需新建SKU
A53: 100 | B53: IMG_3092 | C53: 12 | D53: 4A220-08 12 | E53: 气动电磁阀? | F53: 4A 气控阀 | H53: 4A220-08 | I53: 12 | J53: 12 | K53: 个 | N53: 需新建SKU
A54: 101 | B54: IMG_3092 | C54: 13 | D54: XQ250622 推拉阀 1 | E54: 手动阀 | F54: 气动手动阀 | H54: XQ250622 | I54: 1 | J54: 1 | K54: 个 | N54: 需新建SKU | O54: 数量有涂改
A55: 102 | B55: IMG_3092 | C55: 14 | D55: XQ230421 手动阀 35 | E55: 手动阀 | F55: 气动手动阀 | H55: XQ230421 | I55: 35 | J55: 35 | K55: 个 | N55: 需新建SKU | O55: 数量有涂改，疑为 35
A56: 103 | B56: IMG_3092 | C56: 15 | D56: Q22HD-15 气拉电磁阀 9 | E56: 电磁水阀 | F56: 电磁水阀 | H56: Q22HD-15 | I56: 9 | J56: 9 | K56: 个 | N56: 需新建SKU
A57: 104 | B57: IMG_3092 | C57: 16 | D57: Q22HD-40 气拉电磁阀 2 | E57: 电磁水阀 | F57: 电磁水阀 | H57: Q22HD-40 | I57: 2 | J57: 2 | K57: 个 | N57: 需新建SKU
A58: 105 | B58: IMG_3092 | C58: 17 | D58: AXC200-08 50 | E58: 启动电磁阀 | F58: 单向节流阀 | H58: AXC200-08 | I58: 50 | J58: 50 | K58: 个 | N58: 需新建分类
A59: 106 | B59: IMG_3092 | C59: 18 | D59: 浮动接头 14X1.5 28+2+1 | E59: 配件? | F59: 浮动接头 | H59: M14X1.5 | I59: 28+2+1 | J59: =28+2+1 -> 31 | K59: 个 | N59: 需新建SKU
A60: 107 | B60: IMG_3092 | C60: 19 | D60: 浮动接头 20X1.5 20 | E60: 配件? | F60: 浮动接头 | H60: M20X1.5 | I60: 20 | J60: 20 | K60: 个 | N60: 需新建SKU
A61: 108 | B61: IMG_3092 | C61: 20 | D61: 浮动接头 16X1.5 10+10+1 | E61: 配件? | F61: 浮动接头 | H61: M16X1.5 | I61: 10+10+1 | J61: =10+10+1 -> 21 | K61: 个 | N61: 需新建SKU
A62: 109 | B62: IMG_3092 | C62: 21 | D62: 浮动接头 10X1.25 1+19+21 | E62: 配件? | F62: 浮动接头 | H62: M10X1.25 | I62: 1+19+21 | J62: =1+19+21 -> 41 | K62: 个 | N62: 需新建SKU
A63: 110 | B63: IMG_3093 | C63: 1 | D63: 浮动接头 M8X1.25 28 | E63: 配件? | F63: 浮动接头 | H63: M8X1.25 | I63: 28 | J63: 28 | K63: 个 | N63: 需新建SKU | O63: 整页无单价
A64: 111 | B64: IMG_3093 | C64: 2 | D64: 浮动接头 M12X1.5 76 | E64: 配件? | F64: 浮动接头 | H64: M12X1.5 | I64: 76 | J64: 76 | K64: 个 | N64: 需新建SKU
A65: 112 | B65: IMG_3093 | C65: 3 | D65: 浮动接头 M6X1 20+18+2 | E65: 配件? | F65: 浮动接头 | H65: M6X1 | I65: 20+18+2 | J65: =20+18+2 -> 40 | K65: 个 | N65: 需新建SKU
A66: 113 | B66: IMG_3093 | C66: 4 | D66: 浮动接头 M5X0.8 24 | E66: 配件? | F66: 浮动接头 | H66: M5X0.8 | I66: 24 | J66: 24 | K66: 个 | N66: 需新建SKU
A67: 114 | B67: IMG_3093 | C67: 5 | D67: JA10-4-070 21 | E67: 配件? | F67: JA 浮动接头 | H67: JA10-4-070 | I67: 21 | J67: 21 | K67: 个 | N67: 需新建SKU
A68: 115 | B68: IMG_3093 | C68: 6 | D68: 浮动接头 M22X1.5 18+2 | E68: 配件? | F68: 浮动接头 | H68: M22X1.5 | I68: 18+2 | J68: =18+2 -> 20 | K68: 个 | N68: 需新建SKU
A69: 116 | B69: IMG_3093 | C69: 7 | D69: 浮动接头 M18X1.5 17+3 | E69: 配件? | F69: 浮动接头 | H69: M18X1.5 | I69: 17+3 | J69: =17+3 -> 20 | K69: 个 | N69: 需新建SKU
A70: 117 | B70: IMG_3093 | C70: 8 | D70: 液压接头 不锈钢 6分套管 11 | E70: 不锈钢接头 | F70: 不锈钢接头 | H70: 6分套管 | I70: 11 | J70: 11 | K70: 个 | N70: 需新建SKU | O70: 「套管」二字辨认不确定
A71: 118 | B71: IMG_3093 | C71: 9 | D71: 液压接头 不锈钢 4分 1 | E71: 不锈钢接头 | F71: 不锈钢接头 | H71: 4分 | I71: 1 | J71: 1 | K71: 个 | N71: 需新建SKU
A72: 119 | B72: IMG_3093 | C72: 10 | D72: 4A420-15 1 | E72: 气动电磁阀? | F72: 4A 气控阀 | H72: 4A420-15 | I72: 1 | J72: 1 | K72: 个 | N72: 需新建SKU
A73: 120 | B73: IMG_3093 | C73: 11 | D73: 盛达 RE-02 39 | E73: 排气阀? | F73: RE 消声器 | G73: 盛达(SDPC) | H73: RE-02 | I73: 39 | J73: 39 | K73: 个 | N73: 需新建SKU
A74: 121 | B74: IMG_3093 | C74: 12 | D74: 盛达 SE-06 2分 10+7 | E74: 排气阀? | F74: SE 消声器 | G74: 盛达(SDPC) | H74: SE-06 2分 | I74: 10+7 | J74: =10+7 -> 17 | K74: 个 | N74: 需新建SKU
A75: 122 | B75: IMG_3093 | C75: 13 | D75: 盛达 SE-04 4分 3个 | E75: 排气阀? | F75: SE 消声器 | G75: 盛达(SDPC) | H75: SE-04 4分 | I75: 3个 | J75: 3 | K75: 个 | N75: 需新建SKU
A76: 123 | B76: IMG_3093 | C76: 14 | D76: 盛达 RE-06 27 | E76: 排气阀? | F76: RE 消声器 | G76: 盛达(SDPC) | H76: RE-06 | I76: 27 | J76: 27 | K76: 个 | N76: 需新建SKU | O76: 数量前有多处涂改
A77: 125 | B77: IMG_3093 | C77: 16 | D77: 盛达 RE-03 27 | E77: 排气阀? | F77: RE 消声器 | G77: 盛达(SDPC) | H77: RE-03 | I77: 27 | J77: 27 | K77: 个 | N77: 需新建SKU | O77: 数量前有涂改
A78: 126 | B78: IMG_3093 | C78: 17 | D78: 盛达 RE-01 24+81=105 | E78: 排气阀? | F78: RE 消声器 | G78: 盛达(SDPC) | H78: RE-01 | I78: 24+81=105 | J78: =24+81 -> 105 | K78: 个 | N78: 需新建SKU
A79: 127 | B79: IMG_3093 | C79: 18 | D79: S3R-M5 机械阀 15 | E79: 手动阀 | F79: 气动手动阀 | H79: S3R-M5 | I79: 15 | J79: 15 | K79: 个 | N79: 需新建SKU | O79: 数量有涂改
A80: 128 | B80: IMG_3093 | C80: 19 | D80: ST-01 快排阀 18 | E80: 排气阀 | F80: 快速排气阀 | H80: ST-01 | I80: 18 | J80: 18 | K80: 个 | N80: 需新建SKU
A81: 129 | B81: IMG_3093 | C81: 20 | D81: ST-08 快排阀 2 | E81: 排气阀 | F81: 快速排气阀 | H81: ST-08 | I81: 2 | J81: 2 | K81: 个 | N81: 需新建SKU
A82: 130 | B82: IMG_3093 | C82: 21 | D82: S3H-M5 1 | E82: 手动阀? | F82: 气动手动阀 | G82: 亚德客 | H82: S3H-M5 | I82: 1 | J82: 1 | K82: 个 | N82: 需新建SKU | O82: 备注三字辨认不出，原文形似「亚锯爪」
A83: 131 | B83: IMG_3094 | C83: 1 | D83: QE-04 63 | E83: 排气阀 | F83: 快速排气阀 | H83: QE-04 | I83: 63 | J83: 63 | K83: 个 | N83: 需新建SKU | O83: 整页无单价
A84: 132 | B84: IMG_3094 | C84: 2 | D84: QE-02 17 | E84: 排气阀 | F84: 快速排气阀 | H84: QE-02 | I84: 17 | J84: 17 | K84: 个 | N84: 需新建SKU
A85: 133 | B85: IMG_3094 | C85: 3 | D85: 液压单向阀 GTC-02 32 | E85: 液压手动阀? | F85: 液压单向阀 | H85: GTC-02 | I85: 32 | J85: 32 | K85: 个 | N85: 需新建SKU
A86: 134 | B86: IMG_3094 | C86: 4 | D86: 液压单向阀 GTC-03 49+1 | E86: 液压手动阀? | F86: 液压单向阀 | H86: GTC-03 | I86: 49+1 | J86: =49+1 -> 50 | K86: 个 | N86: 需新建SKU
A87: 135 | B87: IMG_3094 | C87: 5 | D87: HSV-08 1 | E87: 手动阀? | F87: HSV 手动阀 | H87: HSV-08 | I87: 1 | J87: 1 | K87: 个 | N87: 需新建SKU
A88: 136 | B88: IMG_3094 | C88: 6 | D88: HSV-10 3分(?) 37 | E88: 手动阀? | F88: HSV 手动阀 | H88: HSV-10 3分 | I88: 37 | J88: 37 | K88: 个 | N88: 需新建SKU | O88: 「3分」二字辨认不确定
A89: 137 | B89: IMG_3094 | C89: 7 | D89: LZT-1005G 流量计 10 | E89: 配件? | F89: 流量计 | H89: LZT-1005G | I89: 10 | J89: 10 | K89: 个 | N89: 需新建SKU | O89: 型号首字母辨认为 LZT
A90: 138 | B90: IMG_3094 | C90: 8 | D90: 油压表 50kg 6 | E90: 油压表 | F90: 油压表 | H90: 50kg | I90: 6 | J90: 6 | K90: 个 | N90: 需新建SKU
A91: 139 | B91: IMG_3094 | C91: 9 | D91: 油压表 40kg 1 | E91: 油压表 | F91: 油压表 | H91: 40kg | I91: 1 | J91: 1 | K91: 个 | N91: 需新建SKU
A92: 148 | B92: IMG_3095 | C92: 1 | D92: 宝塔插8 双头 / 宝塔直通 100+400=500 | E92: 宝塔接头 | F92: 宝塔直通 | H92: 8 双头 | I92: 100+400=500 | J92: =100+400 -> 500 | K92: 个 | N92: 需新建SKU | O92: 整页无单价；「宝塔插8双头」与「宝塔直通」写在同一行，需确认是否同一品
A93: 149 | B93: IMG_3095 | C93: 2 | D93: 宝塔插 8-6 600 | E93: 宝塔接头 | F93: 宝塔直通 | H93: 8-6 | I93: 600 | J93: 600 | K93: 个 | N93: 需新建SKU
A94: 150 | B94: IMG_3095 | C94: 3 | D94: 宝塔插 8-10 200+94 | E94: 宝塔接头 | F94: 宝塔直通 | H94: 8-10 | I94: 200+94 | J94: =200+94 -> 294 | K94: 个 | N94: 需新建SKU | O94: 第二笔前有涂改
A95: 151 | B95: IMG_3095 | C95: 4 | D95: 宝塔插 10 71 | E95: 宝塔接头 | F95: 宝塔直通 | H95: 10 | I95: 71 | J95: 71 | K95: 个 | N95: 需新建SKU | O95: 数量前一串被划掉，仅剩 71
A96: 152 | B96: IMG_3095 | C96: 5 | D96: 宝塔三通 10 298 | E96: 宝塔接头 | F96: 宝塔三通 | H96: 10 | I96: 298 | J96: 298 | K96: 个 | N96: 需新建SKU | O96: 库中「宝塔接头」下暂无三通商品，可能需新建
A97: 153 | B97: IMG_3095 | C97: 6 | D97: 宝塔三通 8 611 | E97: 宝塔接头 | F97: 宝塔三通 | H97: 8 | I97: 611 | J97: 611 | K97: 个 | N97: 需新建SKU
A98: 154 | B98: IMG_3095 | C98: 7 | D98: 宝塔三通 6 89 | E98: 宝塔接头 | F98: 宝塔三通 | H98: 6 | I98: 89 | J98: 89 | K98: 个 | N98: 需新建SKU | O98: 数量前有涂改
A99: 155 | B99: IMG_3096 | C99: 1 | D99: 8铜球 1603 | E99: 配件? | F99: 铜球 | H99: 8 | I99: 1603 | J99: 1603 | K99: 个 | N99: 需新建SKU | O99: 整页无单价
A100: 156 | B100: IMG_3096 | C100: 2 | D100: 宝塔直通 2 15 | E100: 宝塔接头 | F100: 宝塔直通 | H100: 2 | I100: 15 | J100: 15 | K100: 个 | N100: 需新建SKU | O100: 规格「2」存疑，可能是 12
...

Sheet 品牌对照
A1: 手写写法 | B1: 对应系统品牌 | C1: 品牌ID | D1: 库中已有 | E1: 说明
A2: 山 / 山耐斯 | B2: 山耐斯 | C2: 1950103572305715201 | D2: 是 | E2: ⚠ 库中同类快插接头几乎都挂在【山克斯（SUNCOS）】下，山耐斯 只用在手动阀/脚踏阀/调压过滤器。请确认手写的「山」到底指哪个品牌——选错会产生重复商品。
A3: YYC | B3: 亚一气动（YYC） | C3: 1966772332903120897 | D3: 是
A4: 气 / 气动之星 | B4: 气动之星（CYKL） | C4: 1966314725293801474 | D4: 是
A5: 东 | B5: 东特 | C5: 1945334660456259585 | D5: 是 | E5: 库中绝大多数快插接头的默认品牌
A6: 三正 | B6: 三正气动 | C6: 1961340546236592129 | D6: 是
A7: SUNCOS | B7: 山克斯（SUNCOS） | C7: 1966314533442142210 | D7: 是
A8: 卓良 | B8: 卓良(zholo) | C8: 1950103450909974529 | D8: 是
A9: 盛达 | B9: 盛达(SDPC) | C9: 1946830584529588226 | D9: 是
A10: 百灵 | B10: 百灵（BLCH） | C10: 1961752675691331586 | D10: 是
A11: JYC | B11: JYC | C11: 1957282155310661633 | D11: 是
A12: 无 | B12: （不填品牌） | D12: — | E12: 手写标「无」，表示无品牌
A13: 熙庆(?) | B13: — | D13: 否 | E13: ⚠ IMG_3091 第9行，两字辨认为「熙庆」，库中无此品牌，请确认后新建或改正
A14: （空白） | B14: （不填品牌） | D14: — | E14: 原始记录未标品牌，入库时需现场判断

Sheet 存疑清单
A1: 明细序号 | B1: 照片 | C1: 原始手写记录 | D1: 存疑内容
A2: 1 | B2: IMG_3087 | C2: MGPM 25X75 三轴气缸 13个 ✓ 94-61 | D2: 红笔记录；单价写成两个数(94/61)，需确认哪个是成本价；分类需新建
A3: 2 | B3: IMG_3087 | C3: TN 32X100S 1分 2个 ✓ 89-99 | D3: 原文尾部带 S；单价两个数(89/99) 待确认
A4: 3 | B4: IMG_3087 | C4: TN 32X25S 5个 ✓ 55-95 | D4: 单价两个数待确认
A5: 7 | B5: IMG_3087 | C5: TN 32X30S 5个 ✓ 55 | D5: 数量原写58后改5，请确认
A6: 10 | B6: IMG_3087 | C6: TN 25X25S 1分 5+12个 ✓ 45 | D6: 数量两笔 5+12
A7: 11 | B7: IMG_3087 | C7: TN 25X15S 30(涂改)…个 ✓ 40/42 | D7: 数量被涂改无法辨认，必须现场点数；单价 40 改 42
A8: 17 | B8: IMG_3087 | C8: TN 20X25S M5 8个 ✓ 32 | D8: 备注 M5 接口
A9: 21 | B9: IMG_3088 | C9: TN 16X25S M5 8个 ✓ 25 | D9: 备注 M5
A10: 24 | B10: IMG_3088 | C10: TN 10X15S M5 3个 ✓ 22 | D10: 备注 M5
A11: 29 | B11: IMG_3088 | C11: MGPM 20X20S 23个 ✓ 33-50 | D11: 单价两个数待确认
A12: 30 | B12: IMG_3088 | C12: MHY2-20D 1个 89-128 | D12: 型号首字被涂改，疑为 MHY2-20D；单价两个数
A13: 31 | B13: IMG_3088 | C13: HFZ-16D 1个 65-51 | D13: 单价两个数
... A113: 308 | B113: IMG_3103 | C113: PL 4-02 250 | D113: 数量前有一串被划掉

Sheet 系统现有分类
A1: 系统分类 | B1: 该分类下已有商品（商品名 / 品牌）
A2: ACQ薄型气缸 | B2: ACQ薄型气缸（威特）
A3: C式接头 | B3: C式接头（JCP） ；C式接头（TRM） ；C式接头（新禾） ；C式接头（明铁）
A4: C式自锁接头 | B4: C式自锁接头 ；C式自锁接头（明铁）
A5: DHVFF手阀 | B5: DHVFF手阀（东特）
A6: DPCF内螺纹直通 | B6: PCF内螺纹直通（三正气动） ；PCF内螺纹直通（东特） ；PCF内螺纹直通（山克斯（SUNCOS））
A7: DPC螺纹直通 | B7: PC螺纹直通（Xing） ；PC螺纹直通（东特） ；PC螺纹直通（亿日） ；PC螺纹直通（气动之星（CYKL）） ；SPC螺纹直通（山克斯（SUNCOS））
A8: DPE-T型三通 | B8: DPE T型三通（东特） ；PE T型三通（山克斯（SUNCOS）） ；PE Y型三通（亚一气动（YYC））
A9: DPG-变径直通 | B9: PG 变径直通（东特） ；PG变经直通（亚一气动（YYC）） ；PG变经直通（山克斯（SUNCOS）） ；PG变经直通（气动之星（CYKL））
A10: DPKB螺纹五通变径 | B10: DPKB螺纹五通变径（东特）
A11: DPKD螺纹五通 | B11: DPKD螺纹五通（东特）
A12: DPKG五通变径 | B12: DPKG五通变径（东特）
... A88: 齿轮泵 | B88: 齿轮泵
